{"intents": [{"tag": "greeting", "patterns": ["Hi", "Hello", "Hey", "Good morning", "Good afternoon"], "responses": ["Hello! How can I help you today?", "Hi there! How can I assist you?"], "context": []}, {"tag": "goodbye", "patterns": ["Bye", "Goodbye", "See you later"], "responses": ["Goodbye! Come back soon!", "Have a great day!"], "context": []}, {"tag": "order_status", "patterns": ["Where is my order?", "Order status", "Has my order shipped?"], "responses": ["I can check your order status. What's your order number?"], "context": []}, {"tag": "returns", "patterns": ["How do I return?", "Return policy", "I want to return"], "responses": ["I can help with returns. What's your order number?"], "context": []}, {"tag": "product_info", "patterns": ["Tell me about [product]", "What's [product] like?"], "responses": ["Here's information about [product]"], "context": []}]}