Title,Date,Rating,Review
Amazing product quality,2024-05-10,5,"The wireless headphones exceeded my expectations! Crystal clear sound, comfortable fit, and battery lasts all day. The packaging was also eco-friendly which I appreciate."
Fast shipping but damaged item,2024-04-22,3,"Order arrived 2 days early which was impressive, but the ceramic vase had a small chip. Customer service was responsive though and offered a partial refund."
Great value for money,2024-05-15,4,"This smartwatch has features that rival more expensive brands. The step counter and heart rate monitor are accurate, and it syncs perfectly with my phone. Only wish the band was more durable."
Terrible customer experience,2024-03-30,1,"Ordered a laptop that was advertised as new, but arrived with obvious signs of use. Returning it has been a nightmare - multiple calls and still no resolution after 3 weeks."
Perfect summer dress,2024-05-05,5,"The linen dress is even prettier in person than online. Fits true to size, breathes well in heat, and the pockets are a bonus! Shipping was fast too."